{"Purity Score": 0.9082926829268293, "Silhouette Score": 0.14274583756923676, "Davies Bouldin Score": 2.9582870053152166, "RSS": 536.116178177582}